{"main":"american-flights-api.raml","name":"American Flights API","classifier":"raml","tags":[],"dependencies":[{"groupId":"68ef9520-24e9-4cf2-b2f5-620025690913","assetId":"training-american-flight-data-type","version":"1.0.1"},{"groupId":"68ef9520-24e9-4cf2-b2f5-620025690913","assetId":"training-american-flights-example","version":"1.0.1"},{"groupId":"6962e004-1e04-477a-af54-3e1ebb985532","assetId":"american-flights-example","version":"1.0.0"}],"groupId":"6962e004-1e04-477a-af54-3e1ebb985532","assetId":"american-flights-api","version":"1.0.2","apiVersion":"v1","originalFormatVersion":"1.0"}